Total typos:;50523;
Unique typos:;5856;
Sorted list of typos:;;
т;2762
бб;560
зпт;520
бетов;512
кол-во;507
фкар;408
нейросетевой;392
перевзвешивании;367
перевзвешивания;326
стиллинг;300
рейк;285
ввода-вывода;276
стиллинга;276
коллировал;255
д;254
сб;253
инстанс;251
фолдить;223
п;215
ина;202
инстанцированный;198
ререйза;195
хотя-бы;194
мисклик-колла;190
инфу;180
мисклик-олл;180
донк;165
мисклик-чека;161
блеф-диапазона;156
ререйз;155
сфолдился;153
рейзера;150
дро;150
х;149
категоризации;147
оппа;147
контбета;146
оппов;143
оффсетов;142
рейзами;138
лажают;134
весовку;131
мультипоточность;124
флеш;121
лузовый;121
перевзвешивание;120
парсер;113
контбет;113
префолд;113
сфолдили;113
матожидание;111
контбетил;110
патчинга;108
дровянистость;108
префлоп-торговли;108
парсинг;107
матожидания;107
цбет;106
омахи;105
стритовость;105
тк;104
чатим;104
фиш;103
донкал;102
логгер;95
мультипоточного;95
алл-ин;94
опп;93
бета-рейза;92
кволити;90
ов;89
нейросетями;89
флеша;89
дефолтных;88
валидный;85
оффсетах;84
парсера;83
объекта-источника;83
коллирования;82
парсинга;80
весовок;80
опена;80
оффлайн-режиме;78
стрита;77
перевзвешивается;77
мисклик-бета;77
нейросетевого;77
чек-рейз;77
флашовость;76
перевзвешиванием;76
чек-беты;76
мержинга;75
порейзил;74
симуляционная;73
протранслировав;72
алынов;72
запостил;71
тайтовых;70
лузовых;70
пуш;69
эквити;69
гетфкаре;69
мисклик;69
алын;67
полулузовых;67
инфа;66
стэк;66
блайндами;66
рума;65
глушак;65
ги;64
многопоточность;64
рум;63
стилинг;62
зануление;62
порейзили;62
оппам;61
олл;60
рэнджей;60
кэш-таблица;59
лузовым;59
офсет-профиль;59
тд;58
байина;58
оффсеты;58
сфолдившихся;57
весовка;57
реплей;56
рейзить;56
ки;54
натс;54
мультитредить;54
терн-левел;54
стритов;53
возникается;53
ых;53
валидацию;52
многопотоковости;52
эксплойт;52
стила;52
фичи;52
фишей;51
колд-колл;51
беттора-лимпера;51
минрейза;50
префлоп-позиции;50
втсд;50
тимплейера;50
рега;50
слоуплея;50
супер-большой;50
дед-карты;49
эксплойта;49
сэмплы;49
лимпанул;49
блеф-колла;49
фаст-плея;49
левелами;48
оддс;48
тимплейной;48
топ-фолдеров;48
блокер-разницей;48
лажает;48
валидатор;47
олын;46
стил;46
блокеров;46
лимперами;45
фолдами;44
ренджем;44
даблов;43
занулилась;42
флоп-левел;42
донк-бета;42
рендж;41
кол-ва;40
стритности;40
й;39
лоу;39
че-то;39
наоптимизировать;39
дебаге;39
репрезентативов;39
игас;38
го;38
логирования;38
эксепшна;38
какашечку;38
ингейме;37
предрасчитанные;37
блефового;37
рейзили;37
ск;36
умма;36
патчится;36
детекта;36
бай-ин;36
ререйзов;36
бет-агрессия;36
заколлировать;35
лонг-гены;35
фолидились;35
натса;35
мержинг;34
дефолтный;34
румов;34
экшн;34
карт-представителей;34
пуш-фолд;34
профиль-группу;34
апдейтер;34
финрез;34
кэш-играх;34
недорэйсы;33
доп;33
незагрузки;33
холдема;33
стрим;33
предрасчитанными;33
рэйка;33
апдейт;32
столосессии;32
тимплеить;32
баррелинг;32
префлоп-группы;32
омахе;31
коллюдинга;31
тайтовым;31
байинов;30
ааа;30
рейзеров;30
фиша;30
чатинг;30
опенрейза;30
баунти;30
дефолтные;29
парсим;29
ок;29
тим-плее;29
мультипоточной;29
префлоп-позиция;29
се;29
кат-офф;29
непусто;28
холдем;28
чекаем;28
колдколла;28
командник;28
фолс;28
лимпанувшие;28
лимповали;28
модифицируется;28
симуляционном;28
терн-рейз;28
дефолтными;28
фулл-хаус;28
раздаватели;28
рэйза;27
минрейз;27
мультипоточности;27
однопоточные;27
мя;27
сэмпл;27
офсет-событий;27
эквити-калькулятора;27
парсеров;26
стритовости;26
пропатчили;26
весовками;25
экшенов;25
авгстэк;25
раре;25
коллирует;25
префлоп-группа;25
сбет;25
мещение;25
бетает;25
рейсера;25
аплоад;24
раннер;24
регов;24
кэшевые;24
оллинить;24
коллюдингу;24
блокерами;24
резетим;24
блокер;24
дифференс;24
раре-паттерн;24
что-нить;24
репрезентим;24
нибудь;24
чатится;24
сфолдить;24
стор;24
недострит;24
лузовости;24
перезаписывается;23
заморачиваться;23
дефолтной;23
таймингов;23
ны;23
просчитывании;23
реговских;23
потокобезопасным;23
опен;23
раздаватель;23
векторизации;23
конфига;22
румы;22
ингейм;22
нл;22
хэш-таблица;22
миксед;22
топ-левел;22
веток-действий;22
пронормирована;22
трибетит;22
валидатора;21
стрит-флеш;21
банкролл;21
задетекчен;21
сэмулировать;21
чаттер;21
префлоп-левел;21
реплеере;21
супер-турбо;21
бабла;21
маппинг;21
апдейтов;21
перезаливке;21
реплеера;21
рейженном;21
валидации;20
орлогов;20
с-профиля;20
мапа;20
хак;20
предрасчитанных;20
подгрузились;20
юда;20
баны;20
детекты;20
орр;20
оффсетами;20
мискликов;20
миксоваться;20
максимально-допустимой;20
чаттинга;20
ри;20
ор;20
соотв;19
мапу;19
ингейма;19
румах;19
оппами;19
левелов;19
фин;19
чатинга;19
предрасчитанного;19
билдер;19
одновременно-активных;19
задетекчена;19
заколлируют;19
сфолдиться;19
префлоп-декомпозиций;19
бабл;19
тэга;19
бай-ина;19
кэш-таблиц;19
сообщение-запрос;18
файлик;18
рег;18
алыне;18
оппонента-тиммейта;18
оппонента-человека;18
микс;18
бетера;18
симуляционного;18
раш;18
бабле;18
рейк-модель;18
флашёвость;18
чекает;18
конбет;18
инфы;17
сконвертировать;17
конфиг;17
по-умолчанию;17
олыне;17
тимплейных;17
экшена;17
рид-оптимизации;17
залимпил;17
хэш;17
ро;17
ино;17
майнинга;16
логгирования;16
велью;16
оппу;16
заколлировал;16
трибет;16
пот-бет;16
офсет-профиля;16
кэш-игр;16
апдейты;16
фичей;16
оверхед;16
утг;16
мапы;16
кэш-таблицы;16
ле;16
кбет;16
билда;15
парсингом;15
сайзинга;15
беттера;15
эксепшн;15
спр;15
симуляционных;15
скрином;15
роутинга;15
смартвкаром;15
длл;15
смартфкарных;15
смартфкарного;15
птоп;15
омаха-робот;15
валидация;15
предфиналку;15
потоддсы;15
алыны;15
постфлоп-декомпозиций;15
наполненности;15
зацикливается;15
сэмпла;15
лейв;15
гун;15
ингейм-профиль;15
пот-бетами;15
пот-бетом;15
пот-бета;15
сообщение-ответ;14
ренджа;14
ю;14
инфо;14
возращает;14
моделек;14
логгера;14
гейбета;14
довырезаем;14
впипа;14
ща;14
стриты;14
оверкарты;14
натсом;14
ра;14
гаст;14
майнинг;13
прокси;13
дефолтного;13
чек-чек;13
так-как;13
сайзинг;13
винрейт;13
матожиданий;13
зануляется;13
с-профилей;13
патчера;13
хз;13
веберов;13
донк-беты;13
ка;13
однопоточном;13
тэг;13
нефлешовой;13
бана;13
зум;13
темплейта;13
сьютед;13
левеле;13
акк;12
омаха;12
беттора;12
айди;12
стрима;12
дефолтное;12
кастомный;12
винрейтом;12
руме;12
фиши;12
тимплей-режима;12
кэш-бота;12
вражин;12
бетят;12
чекать;12
алын-банках;12
алынам;12
захардкоженный;12
перевзвесить;12
офсет-ограничения;12
абузерскими;12
ла;12
бомб-логика;12
мультипот;12
нейро;12
чиплидер;12
снг-турнире;12
регрессор;12
смержить;12
джекпот;12
односторонний;12
флашевость;12
топ-границы;12
кбета;12
беттором;12
чекнули;12
заколлил;12
биндится;11
чекают;11
логирование;11
ф-профиль;11
кросс-энтропия;11
неконстантных;11
мтт;11
распарсить;11
десериализатор;11
аналайзеры;11
сайзинги;11
бтн;11
гатшот;11
рэйз;11
олына;11
ак;11
обнуление;11
мультипотах;11
фулл;11
мисклик-аллина;11
многопоточности;11
пло;11
весовке;11
автофолд;11
детектить;11
префлоп-групп;11
префлоп-группам;11
натсовый;11
миксования;11
рандомизируем;11
трехзначным;11
апдейтеров;11
карэ;11
тиарн;11
саммари;11
не-супер;11
энтри;11
фиш-рег;10
рандомных;10
кэш-таблицу;10
прокает;10
парсит;10
симуляционной;10
функция-сигмоид;10
класс-обертка;10
подпапки;10
мс;10
мультивей;10
оппы;10
пропатчить;10
быстро-кнопок;10
предрасчитанное;10
классе-наследнике;10
коллюд;10
тиммейт;10
рестрадлы;10
оллина;10
максимально-возможную;10
миксуются;10
кэпа;10
комментов;10
кол-ву;10
бэкэнд;10
весовках;10
сфолдил;10
сайза;10
предфиналка;10
рейзером;10
флешовой;10
ку;10
кэш-таблице;10
стораджа;10
лайв;10
ч;10
гри;10
статами;10
мерджинга;10
фёрст-ин;10
мержим;9
фл;9
кол-вом;9
рандомными;9
докупки;9
парсинге;9
аплоада;9
одномастности;9
матчер;9
заглушечно;9
колд;9
аа;9
нр;9
г;9
тимплейный;9
смерженный;9
симуляционную;9
состилить;9
игрока-оппонента;9
равномерно-случайным;9
омаха-руки;9
топ-весовок;9
логгируем;9
винрейту;9
опенрейз;9
предрасчитанным;9
мтт-турнире;9
закосячили;9
пропустятся;9
оллине;9
кэп;9
моби;9
ке;9
таймбанка;9
число-аргумент;9
скольки;9
птопы;9
двумерный;9
эвенты;9
сторадж;9
слинкованных;9
линковки;9
нода;9
ва;9
са;9
гар;9
гейр;9
инго;9
смердженный;9
мерджа;9
невалидном;8
недоалынах;8
апдейта;8
джекпот-рейк;8
сингл-рэйсед;8
комплит;8
детекции;8
неконфиденциальных;8
акка;8
моделька;8
сериализуется;8
ранк;8
дефолтная;8
ботовского;8
пушей;8
тайтовой;8
сэмплов;8
партиции;8
фишами;8
коллюдерски;8
тиммейты;8
нафиг;8
оффсетится;8
омаху;8
авг-топов;8
анти-коллюдинга;8
фолдиться;8
апдейтим;8
аналайзере;8
дефолтным;8
пот-лимитного;8
нормализируем;8
флашёвости;8
рейк-моделью;8
нерд;8
гис;8
адо;8
рох;8
ора;8
рах;8
ган;8
эрме;8
брен;8
брин;8
брун;8
грид;8
трис;8
грис;8
смерджить;8
опен-лимп;8
чек-рейзов;8
тайтовее;8
коммитить;7
тредов;7
обнуления;7
агрегатор;7
стт;7
омахой;7
хэш-таблицу;7
консьюмер;7
лог-файл;7
парсером;7
конфиге;7
рейком;7
подгрузки;7
ренджей;7
фд;7
ины;7
инстанса;7
заморачиваемся;7
быстро-кнопки;7
пропатченный;7
бродвей;7
перевзвеса;7
эвентов;7
притяжку;7
логируем;7
рандомной;7
патчить;7
оверлимп;7
стронг;7
тимплейно;7
феста;7
переиспользования;7
столосессию;7
офсет-события;7
сквиза;7
заколлировали;7
префлоп-группу;7
префлоп-группах;7
игрок-бот;7
флоп-кластера;7
нормализовывать;7
лимпимся;7
прочекал;7
двухпроходного;7
холдеме;7
мега;7
чекнуть;7
оупенфолдить;7
чаттингу;7
раннерами;7
намеряно;7
руко;7
предфинальном;7
гей-рейзами;7
сфолдит;7
отрефакторить;7
десериализованного;7
трансформеры;7
пр;7
закэшировать;7
имплементации;7
ноды;7
оверпара;7
весовкам;7
натсовой;7
мержить;7
сэмплер;7
пятикарточных;7
анте-олл;7
кнокаута;7
эвента;7
рих;7
дис;7
нио;7
тео;7
бронд;7
интерконнекта;7
игроков-оппонентов;7
залимпило;7
аплоады;7
роботов-участников;7
усп;7
зарезаются;7
гигов;6
ингеймов;6
бин;6
бустинга;6
невозрастанию;6
чтения-записи;6
н;6
кросс-валидации;6
валидационном;6
стриме;6
парситься;6
тасков;6
дефолтную;6
ренджи;6
кк;6
стрит-дро;6
ооп;6
натсовое;6
стилинговые;6
флешовость;6
пот-лимитных;6
патчинг;6
корняк;6
раскодировать;6
пока-что;6
пост-заглушка;6
натсов;6
юнит-тест;6
наполненность;6
распараллелить;6
нумрэйсес;6
блокеры;6
топ-сет;6
потокобезопасный;6
занулился;6
префлоп-агрессора;6
флоп-агрессора;6
терн-агрессора;6
постфлоп-позицию;6
офсет-файл;6
детектятся;6
несфолдившихся;6
енама;6
хаком;6
флоп-кластеров;6
врдуг;6
онгейма;6
бот-эксплуататор;6
бетит;6
пофиксить;6
автоэнкодера;6
ицм;6
копипаст;6
иф;6
олыну;6
лимпнутом;6
фейковые;6
лог-процессора;6
парсере;6
пирсона;6
ноде;6
додумывания;6
флешем;6
врайтер;6
ол;6
мусорность;6
карешной;6
натсовые;6
белли-бастер;6
двупарной;6
стрит-флеша;6
неоптимально;6
перераздачей;6
онлайн-режиме;6
тримап;6
сериализуемым;6
тэге;6
ип;6
мунд;6
зиго;6
фрод;6
хильд;6
борг;6
лерд;6
лард;6
хард;6
альб;6
суль;6
дри;6
нри;6
гинд;6
герн;6
стольф;6
вуд;6
гед;6
брандо;6
лоадер;6
сквизов;6
одностоловом;6
чекнул;6
непоходившие;6
двукратное;6
тайминг;6
айпишник;5
бэкап;5
эквилятор;5
хедз-ап;5
авто-олл;5
оффлайн-инструментах;5
фейковой;5
кэшовую;5
айдишник;5
бет-рейз;5
джекпот-рейка;5
кривота;5
анонимизированные;5
додумывание;5
аналайзер;5
дампим;5
партиционирования;5
лимиты-источники;5
булевое;5
фокс;5
флешевость;5
холдер;5
преобразующих;5
денормализация;5
евклидова;5
хэдз;5
ске;5
тп;5
оесд;5
коллировали;5
мультипоточностью;5
беттер;5
рейзеры;5
раннера;5
стриту;5
фиксить;5
префолда;5
скинов;5
префолд-действий;5
трибетим;5
фолдятся;5
би;5
пропатчим;5
сокомандника;5
факторизовать;5
плеера;5
вычеркнулся;5
фуфелом;5
фуфел;5
двуфлашовые;5
бох;5
выцепить;5
офсет-событие;5
двумерного;5
пропатченное;5
перевзвешиваниями;5
мультипоты;5
донкбетают;5
абузят;5
фич;5
эквити-калькулятор;5
схлопнул;5
пнл;5
акков;5
оллинщики;5
четырехзначное;5
рейз-колл;5
аллин-колл;5
профилей-обвесов;5
чипев;5
непросчитываемых;5
мультипотов;5
экшен;5
старзах;5
стэках;5
мультивеях;5
лузовая;5
майнера;5
минио;5
сдампить;5
фиче;5
румом;5
парсерах;5
оконцовки;5
блаинда;5
буби;5
ребаев;5
список-объектов;5
кастомные;5
флешовых;5
двусторонний;5
стрите;5
фейлов;5
флоп-доске;5
торн-доске;5
ривер-доске;5
сэмплируем;5
включений-исключений;5
сэмплера;5
дву;5
ёх;5
слинковать;5
гвин;5
лейф;5
руо;5
теа;5
вальд;5
хильдис;5
изан;5
изен;5
исан;5
еп;5
льф;5
шт;5
фантазийный;5
хэш-таблицы;5
ответов-декомпозиций;5
протранслирует;5
нодов;5
переконвертации;5
пот-лимит;5
дефолтному;5
предрассчитанные;5
тайтово;5
тайтовый;5
мультипликативно;5
лимпить;5
юнит;4
невалидной;4
рандомные;4
инфе;4
коллюдинг;4
генерятся;4
мапе;4
валидационные;4
фича;4
инфой;4
игнорим;4
евчоп;4
инстансов;4
хх;4
ехс;4
ф-профиля;4
парсеру;4
одномерный;4
неконстантными;4
гессе;4
ординал;4
десериализаторы;4
модельки;4
энкодер;4
коэф-т;4
бэкапного;4
аллыне;4
донкать;4
полпота;4
фе;4
бетим;4
подстрахуемся;4
донкаем;4
ую;4
слоуплеить;4
одномастными;4
мультипоточных;4
итд;4
флеш-дро;4
полблайнда;4
матожиданиях;4
фаст-кнопок;4
минрейзы;4
оператору-киборгу;4
фейковый;4
банкролла;4
банкроллов;4
бб-олл;4
перегенерации;4
дебаг;4
колл-олл;4
аллын;4
префолды;4
имплементация;4
переиспользовать;4
регами;4
впип-пфр;4
фоллбэк;4
бетлевеле;4
руму;4
сокомандников;4
фишам;4
миксовой;4
луз-агрессивом;4
рандомизировать;4
неисключенным;4
автоолинщики;4
голд;4
врагоботов;4
трибетом;4
оппонента-новичка;4
игрок-оппонент;4
коэф;4
онгейм;4
абузерских;4
притяжке;4
прогружается;4
версионирования;4
винрейта;4
чи;4
с-профиль;4
стора;4
бетить;4
антиколлюдерской;4
мультипоте;4
чек-рейза;4
инкаму;4
оч;4
полубезопасный;4
прокнуло;4
симуляционное;4
трансформеров;4
логгировать;4
лвл;4
ингейму;4
мерджить;4
сиба;4
микса;4
ингеймом;4
пятикарточная;4
флешовая;4
коннект;4
бай-инов;4
дебага;4
файлов-логов;4
лямбда-выражения;4
оверкарта;4
сэмплах;4
гсч;4
префлоп-пары;4
равномерно-случайной;4
сэмплируются;4
коллировать;4
анколлед;4
уолкера;4
харвиль-мальмуту;4
имальной;4
натсовым;4
кластеров-риверов;4
декодируется;4
столосессий;4
коннекта;4
линковку;4
сериализованы;4
анонимизированное;4
иа;4
ур;4
ут;4
эт;4
фрад;4
ско;4
рио;4
фруа;4
гвен;4
тта;4
ури;4
хилд;4
дрис;4
р-деревьями;4
вх;4
нитовых;4
фишрегов;4
фантазийные;4
фантазийных;4
юнит-тесты;4
трехкарточная;4
одноранговых;4
таймзоны;4
анколд;4
хистори;4
непробельный;4
сквиз;4
детектируем;4
детектируется;4
десериализовываться;4
закэшированных;4
характеризация;4
тёрн-рейз;4
даунлоад;4
лвле;4
префлоп-ситуациям;4
мердж;4
апдейте;4
переназвать;4
домножения;4
оверлимпов;4
к-бетов;4
фест;4
предпросчитанному;4
хэш-таблице;4
бэкапа;4
бэка;4
околонулевые;4
пацанский;3
секьюрности;3
копипаста;3
покерстова;3
хк;3
докупиться;3
бан;3
прайзпула;3
байда;3
детектировать;3
тз;3
парсится;3
доску-представителя;3
доски-представителя;3
оппонентские;3
ф-профилем;3
офсет-профилей;3
снапшота;3
евклидовых;3
класс-холдер;3
птопзначений;3
чаттера;3
неконстантный;3
денормализовать;3
евклидовой;3
домножены;3
минимально-допустимый;3
англ;3
мультипоточном;3
ап;3
класс-функция;3
парсились;3
выходные-выходные;3
проперти;3
кодятся;3
стораджей;3
хардкор;3
билдерах;3
мультипоточную;3
экшене;3
потодсах;3
стритами;3
овер;3
коэф-тов;3
реговскую;3
зануления;3
непросчитанная;3
занулением;3
матожиданием;3
комменты;3
бр;3
зр;3
ср;3
сср;3
мср;3
рейз-олл;3
скринбаттонс;3
предрасчитанный;3
рандомно;3
рэйзу;3
примение;3
оппонентах-наследниках;3
офсет-детектора;3
запускатель;3
коллируем;3
потрейз;3
рейк-модели;3
экшены;3
симуляционному;3
сит-аут;3
рандома;3
околоигровые;3
антиколлюдерских;3
имплементацию;3
буст;3
аа-кк;3
рандомайзер;3
кэф;3
инкамов;3
инкама;3
патчеров;3
лузовость;3
тодо;3
натсы;3
чатингу;3
м-стек;3
алл-ины;3
скипать;3
ривер-топов;3
топ-кластеров;3
авг-топ;3
ца;3
донкбета;3
минбеты;3
опенпушить;3
бетнуть;3
натсе;3
новоскаченный;3
слоуплей;3
колдколлеров;3
коллюдерской;3
онлайне;3
тимплейного;3
нлт;3
вип;3
ресайз;3
випом;3
сайз;3
коинфлипов;3
а-профиля;3
отсечься;3
опенов;3
чатиться;3
закоммитить;3
неприсланной;3
финалке;3
выделять-освобождать;3
интерполируя;3
снг-игр;3
айпокер;3
эксепшена;3
ху;3
ассерт;3
фейкового;3
аналайзерами;3
сид;3
распарсивает;3
овском;3
хэшей;3
мержа;3
мерже;3
мейн;3
хэнд;3
ый;3
холдемом;3
микролимиты;3
субэксплуптауия;3
валидируем;3
пересобирать;3
тайминги;3
ходора;3
сериализации-десериализации;3
событие-родитель;3
протранслировать;3
стритом;3
лоу-рейтинг;3
аддонов;3
слайсы;3
ребаи;3
дампятся;3
предрасчета;3
дисконнект;3
подстроку-аргумент;3
автокоммита;3
валидно;3
строка-команда;3
шника;3
файлики;3
выч;3
декомпозирование;3
неубыванию;3
райзов;3
префлопной;3
индексов-разделителей;3
инкрементируется;3
одностороннее;3
компьют-рейтинга;3
топ-фулл;3
ривет;3
лдя;3
сим-копия;3
сим-копиям;3
сим-копии;3
равновероятностно;3
валидна;3
перевзвешиваться;3
сэмплированием;3
автоалын;3
рейнджей;3
робертса;3
старзы;3
хай-лоу;3
фулл-хаусом;3
сериализуются;3
парсить;3
постфлоп-очередность;3
лоу-пары;3
ронга;3
лейблы;3
партиция;3
агрегатора;3
эвент;3
переоткрытия;3
инициализован;3
иммутабельны;3
хэшу;3
листенеры;3
ски;3
билдера;3
анонимизирует;3
бе;3
ма;3
ло;3
чо;3
аэ;3
оэ;3
ио;3
иу;3
ик;3
аш;3
ет;3
аэль;3
лио;3
лл;3
онг;3
ульф;3
хельм;3
иус;3
иос;3
иес;3
ельм;3
линдис;3
вифф;3
стейн;3
проксирование;3
стабов;3
лоадера;3
трёхслойную;3
двумерная;3
оллином;3
шд;3
селф-плэев;3
лвла;3
фантазийного;3
офсьютовый;3
о-ва;3
кабо-верде;3
мьянманское;3
тайбэя;3
центральноавстралийское;3
тасманийское;3
намибийское;3
десериализаторов;3
ходору;3
дисконнекта;3
грн;3
хенддилт;3
ситы;3
рапокера;3
трансформер;3
бетпот;3
зареган;3
детектили;3
дисконнектов;3
колд-колла;3
ответочку;3
хэш-значения;3
пронормируем;3
профакапить;3
разрабов;3
апдейтера;3
донк-бетов;3
извращенский;3
полублеф;3
имплаедам;3
стилов;3
контбетов;3
регом;3
эксплойтить;3
колбэк;3
неотрицательность;3
по-пацански;2
заведению-встраиванию;2
пишем-дополняем;2
инфры;2
бэкапирования;2
запускателю;2
зарегай;2
энкодера;2
июне-июле;2
копипастом;2
минимально-допустимого;2
матчинга;2
подцепления;2
отличимы;2
минрейзу;2
раш-играх;2
интерконнект;2
хардкоде;2
шарка;2
преансаппортов;2
недосыл;2
валидационного;2
визуализировать;2
бта;2
прокнул;2
олл-инами;2
сфолдившегося;2
сколь-либо;2
запустится;2
класс-обработчик;2
левелам;2
класс-слушатель;2
инкрементируем;2
игр-дубликатов;2
беттинга;2
фолдились;2
терны-риверы;2
терном-ривером;2
переразгон;2
игас-профилям;2
раскомментить;2
дозаписываем;2
итерирования;2
гига;2
пацифика;2
консьюмерами;2
дозаписать;2
захардкожено;2
чатеров;2
энкодеров;2
нарезалку;2
неконстантные;2
википедии;2
дообучить;2
катофф;2
кросс-валидация;2
гмт;2
ех;2
лог-файла;2
инкрементировать;2
мониторить;2
парсятся;2
сервлет;2
парсеры;2
конфигов;2
конфиги;2
десериализатора;2
десериализуется;2
гистограмма-метрика;2
сериализуем;2
лог-файлы;2
аналайзеров;2
донков;2
локалу;2
отрабатывания;2
оверлимпом;2
тайтовости;2
аллыном;2
монофлопах;2
бдфд;2
оверпару;2
сфолдивших;2
стритам;2
бетпотов;2
запихнуться;2
сьютидные;2
оффсьютидные;2
нерепрезентативности;2
свежесозданные;2
хэнд-дилта;2
кастомных;2
кастомного;2
спарки;2
доперы;2
блафкетчи;2
ш;2
аналайзерах;2
форкать;2
инфо-методы;2
гейбет;2
эфстека;2
матожиданию;2
измененены;2
просчитывание;2
пфр;2
минусовость;2
опповской;2
крэшам;2
постанализ;2
фкаром;2
пересохраняем;2
оппонентовского;2
ботовским;2
нефолдовые;2
замиксованный;2
оппонентовская;2
ботовская;2
флоп-терн;2
сб-бб;2
оллинов;2
флоп-ситуацию;2
префлоп-ситуацию;2
нестандарт;2
овербеттинга;2
натсах;2
стилинговых;2
стрика;2
трибеты;2
скрин;2
раннерах;2
эксепшен;2
автооллин;2
скрины;2
кривотой;2
лимпах-фолдах;2
фёрст-чекер;2
порейзить;2
хакаю;2
кастомная;2
недоолына;2
пофиксил;2
вм;2
подгрузку;2
миксовых;2
гриновой;2
рэйкед;2
тиммейтов;2
регулярами;2
бот-сокомандник;2
микс-бот;2
миксуется;2
лонг;2
тайтовая;2
эксплоит;2
насыпание;2
хэшем;2
хэша;2
хэши;2
сериализуемы;2
пробрасывания;2
смердженные;2
чатинге;2
нейрофкара;2
тёрню;2
префлоп-кластеризации;2
класс-приложение;2
рандомайзеру;2
реверт;2
кэфы;2
кэфов;2
донкбет;2
донкбетом;2
средненаблюдаемая;2
офсет-профилирования;2
офсет-профили;2
насильном;2
фолжении;2
перевзвешивалась;2
принятчике;2
мисклика;2
пмж;2
весчи;2
блефкатчеры;2
бетсайзу;2
эксплоитные;2
патчером;2
нейросетках;2
кол-ве;2
бум-столов;2
бомб-логику;2
бомб-логики;2
друг-друга;2
подредактировал;2
оллину;2
рейнджам;2
регрессора;2
блафкетчами;2
блаффкетчей;2
командность;2
спарку;2
подгрузка;2
тайпов;2
опенрейзил;2
ренджам;2
опенрейзов;2
опенрейзы;2
антиабуза;2
нлб;2
крутилки;2
абузерской;2
оппе;2
рфи;2
нод;2
фичам;2
фичах;2
насильным;2
предфиналках;2
минтрибета;2
предфиналке;2
пропатченным;2
сайзингами;2
айпокере;2
беттор;2
эксплойтим;2
портировать;2
мисскликом;2
хрень;2
притяжек;2
оддсы;2
прокают;2
оффлайн-проверок;2
айпокера;2
столосессиям;2
зип;2
перепаковка;2
файликов;2
рандомный;2
детализированно;2
дампить;2
класс-обёртка;2
сериализовывать;2
модов;2
косинусная;2
косинусное;2
дампится;2
лямбда-выражение;2
группировочных;2
кастомное;2
пот-лимитную;2
раш-игра;2
пересобрать;2
малазийский;2
мержгрупп;2
фейковая;2
ингеймы;2
луз-стрике;2
продакшене;2
невалидны;2
стектрейс;2
конфигом;2
экшенами;2
орлогом;2
стрит-флеши;2
оффлайновом;2
ые;2
лоу-комбинаций;2
лоу-дро;2
натс-лоу;2
дособрать;2
ребай;2
коммент;2
байин-а;2
давным;2
овского;2
нефлешовая;2
генерится;2
дто;2
резалт;2
альфа-образов;2
протухание;2
поинтах;2
дисконнекты;2
пинги;2
коннектов;2
валидное;2
скипаем;2
зафигачить;2
шники;2
креды;2
пропатчивания;2
невозрастания;2
объектов-карт;2
имплайд;2
одсов;2
бетлевелы;2
бетлевелами;2
рейкбеку;2
евклидово;2
рандомного;2
бетил;2
датасета;2
датасет;2
занулится;2
кластеризирует;2
файлами-логами;2
потокобезопасная;2
коллируя;2
потокобезопасное;2
одномастность;2
бэкдор;2
роял;2
андерпара;2
карманки;2
потокобезопасности;2
префлоп-метрик;2
вальта;2
флоп-кэши;2
торн-кэши;2
перевзвес;2
потодсам;2
перезаписываются;2
матчером;2
слушателя-конвертера;2
мерджинг;2
стораджем;2
дженерик-параметр;2
дженерик-тип;2
автоалынщики;2
сб-часть;2
страдл-часть;2
кешевых;2
проплаты;2
олыном;2
гейм-модели;2
рукию;2
кэш-оценщики;2
инлайнинг;2
перераздавать;2
закэшированный;2
раздавателя;2
вв;2
постфлоп-вэя;2
робертсу;2
минрейзом;2
пуш-фолде;2
полпроцента;2
харрингтону;2
комб;2
дед-картами;2
пот-уровней;2
пасифика;2
бомб-событие;2
мин-рейз;2
сталл;2
цимес;2
фичу;2
взаимопересекающихся;2
строка-тип;2
программы-активаторы;2
лейблов;2
з;2
секьюрным;2
секьюрный;2
секьюрному;2
десериализируется;2
секьюрных;2
эвентами;2
эвентам;2
консумера;2
партициям;2
линковой;2
линковаться;2
валидны;2
сериализуемыми;2
впн;2
регаем;2
забаненного;2
ской;2
ключ-значение;2
ординалов;2
анонимизатор;2
анонимизатора;2
обфусцированных;2
обфусцированное;2
пе;2
джа;2
дже;2
джар;2
джам;2
джер;2
жа;2
жу;2
жи;2
бу;2
ме;2
це;2
ци;2
кэ;2
кю;2
ге;2
гу;2
гю;2
ше;2
ши;2
шо;2
зе;2
зо;2
зу;2
фо;2
ве;2
ви;2
ву;2
ру;2
лу;2
лю;2
ду;2
ча;2
че;2
сю;2
бо;2
уо;2
оа;2
оу;2
эа;2
эо;2
эу;2
юм;2
ог;2
уг;2
эг;2
эш;2
оф;2
эп;2
иэ;2
уб;2
кер;2
кор;2
кюр;2
кра;2
кри;2
кру;2
нер;2
нир;2
марр;2
сла;2
дд;2
гримо;2
хильде;2
харда;2
руни;2
ольф;2
эльмо;2
ильмо;2
илла;2
олла;2
уин;2
иас;2
вальдо;2
уни;2
эни;2
окр;2
ульфа;2
ильфа;2
зан;2
зен;2
ич;2
инстанцирования;2
секьюрном;2
класслоадер;2
дип-лёрнинг;2
тулзах;2
дефолтном;2
функцию-сигмоид;2
тейлора;2
решателя;2
булевый;2
поинтов;2
бубей;2
смержены;2
файлы-приложения;2
ключ-строка;2
смартселфплеем;2
ансверы;2
миксы;2
бот-код;2
дораздаем;2
топ-ответов;2
юнит-тестов;2
мастевым;2
боткодов;2
отсыл;2
фантазийной;2
реверсного;2
инстанцируется;2
флэшует;2
той-же;2
боссмедии;2
что-ли;2
сериализующие;2
контейнер-событие;2
ходор;2
однорангового;2
фантазийными;2
симуляционные;2
бизнес-модели;2
бизнес-модель;2
шорткод;2
конвертим;2
максблайнд;2
рейк-моделей;2
безлимита;2
несфолдившимися;2
фр;2
блайн;2
олл-иновые;2
пид;2
майнер;2
дип;2
тотал;2
ганнера;2
стола-номер;2
безлимитность;2
безлимит;2
микролимитах;2
класс-накопитель;2
объект-структуру;2
предаллин;2
заколлировавших;2
неактивности;2
подвисло;2
смерженных;2
зних;2
лимпованном;2
билдеров;2
мёрфи;2
переконвертируем;2
закэшированными;2
ть;2
мегалузовых;2
коммитнутые;2
свежеустановленное;2
даунлоаде;2
невылетевших;2
майнингу;2
смердженных;2
префлоп-позицию;2
сквизы;2
нейросетевому;2
ремерджа;2
шняга;2
коротыш-фул;2
ненатсовой;2
стартанул;2
ссылка-идентификатор;2
мерж-группе;2
десериализованный;2
запользуем;2
рандомное;2
рандомом;2
логируются;2
автотестов;2
катофа;2
сбетов;2
опенлимпа;2
анти-абузерскую;2
нлр;2
опены;2
префлоп-игры;2
колл-во;2
блефовый;2
миссед;2
кбетов;2
викфишом;2
гриновую;2
эксплойты;2
таймингу;2
предпросчитанный;2
потбет;2
хэш-таблицей;2
системтренерлогов;2
аккаунтов-источников;2
ребуте;2
приближенно;2
кросс-энтропии;2
досбор;2
дозаписываются;2
хост-машине;2
арнкемхтосуаркебхсуо;2
заббикс;2
бизнес-моделям;2
апишки;1
фреймворки;1
матчеров;1
релизить;1
моки;1
файнал-классов;1
подпапкам;1
рантайм-зависимости;1
резолвить;1
креденшелы;1
таском;1
пропертей;1
энкодеру;1
весчей;1
ботхантер;1
гуи;1
монте;1
оррр;1
рандомизированы;1
бирать;1
внутрянку;1
прикрутки;1
стэками;1
захардкожена;1
марте-мае;1
подпапках;1
феврале-марте;1
файла-конфигурации;1
топ-пара;1
бетов-рейзов;1
аут-игрока;1
хенддилтов;1
тестировщике;1
фильтратор;1
игас-не;1
заинлайнить;1
файла-образа;1
игас-игр;1
реплея;1
зы;1
тестировщик;1
класса-слушателя;1
беттинг-паттернов;1
один-на;1
игроков-регуляров;1
резалка;1
перенумерацию;1
узел-лист;1
лвлу;1
ф-профилей;1
ингейм-профилей;1
экспшнам;1
билд;1
партицирования;1
левелом;1
разгоночных;1
межпрофильного;1
проверифицированная;1
конфиг-ридеров;1
бх;1
красно-чёрное;1
класса-фабрики;1
дозаписывать;1
шаблонизации;1
лоу-ранг;1
строка-разделитель;1
эксель;1
хэш-мапу;1
слушатель-нарезалку;1
инкапсулирующий;1
символ-разделитель;1
класс-поставщик;1
ролбэчим;1
неконстантным;1
неконстантного;1
подпапку;1
подпапке;1
сингулярна;1
начилии;1
лоу-столов;1
лоу-рук;1
префлоп-образы;1
постфлоп-образы;1
префлоп-образов;1
постфлоп-образов;1
изменными;1
пропатченных;1
бэггинга;1
булевая;1
автосгенерённым;1
ыыы;1
хантера;1
ботхантером;1
коннектится;1
партиционирование;1
шняг;1
коннекшны;1
хантере;1
поспамить;1
инстансы;1
логгере;1
маппить;1
префолдах;1
трим;1
стектрейсу;1
перемешиваний;1
распарсилось;1
модуль-конфигурация;1
дебажить;1
утилс;1
оффлайн-запусков;1
кредами;1
модуль-реализация;1
десериализуем;1
десериализованная;1
ивенты;1
векторов-шагов;1
докачать;1
докачка;1
лог-файлом;1
коэф-том;1
логгированию;1
хэндлов;1
переиспользование;1
возращаем;1
мес;1
имплементируем;1
хардкодим;1
эспшнах;1
пацанское;1
фолдимся;1
аллиныть;1
оллынами;1
доезда;1
массив-счётчик;1
коллрфи;1
пушем;1
играбельный;1
дедмани;1
лузово;1
тайтовость;1
аллына;1
нестритовых;1
гш;1
бродвейные;1
бдсд;1
мультирейзы;1
кхх;1
доезду;1
блокером;1
гатшоты;1
недорейживаем;1
однокарточными;1
монотёрне;1
стринговую;1
рейзпотов;1
одноуровневых;1
недостек;1
ым;1
разыгрывания;1
распарсился;1
строку-формат;1
строка-формат;1
раннер-флеш;1
раннер-стрит;1
раннером;1
карманка;1
флашовости;1
спарок;1
спарка;1
оверпарой;1
мастевых;1
кх;1
шанс-события;1
потока-создателя;1
мультипоточные;1
тайминга;1
отнормируем;1
вероятность-источник;1
переприсваивания;1
экшна;1
ивентов;1
гранички;1
нафига;1
тудушки;1
стилизировать;1
рептилоид;1
скине;1
скинах;1
скринами;1
скрин-кнопках;1
хуснг;1
префлоп-флоп;1
терн-ривер;1
так-что;1
ных;1
мин-макс;1
наследниках-оппонентах;1
донкера;1
аккаунт-менеджменту;1
рейз-банк;1
блефф;1
минрейзами;1
потрейза;1
амаунт;1
быстро-кнопку;1
аллинщиков;1
стритовых;1
пг;1
рейз-аллын;1
мисматч;1
колим;1
иммутабельная;1
преэкшены;1
нейросетевые;1
антиабузерский;1
софт-обновление;1
кастомной;1
сэмпле;1
класс-транслятор;1
олыны;1
проканала;1
эксшпнов;1
лимпаных;1
овербет;1
микс-бота;1
тремя-шестью;1
заререйзил;1
лоадерами;1
ретраи;1
потоков-воркеров;1
проставятся;1
зарефакторил;1
симить;1
рег-фиш;1
софтплей;1
статпрофиля;1
заблафкетчил;1
тимплейные;1
тиммейтам;1
смартфкаром;1
лузовому;1
рейженые;1
лимпованные;1
гриновый;1
передавливать;1
реды;1
софтплея;1
параметризировано;1
шоутайм;1
абьюзеры;1
вик-миддл;1
блефкетч;1
патчеры;1
объект-пустая;1
симрестрикты;1
проинитить;1
симрестриктов;1
непосчитанным;1
пуша-фолда;1
пропагация;1
лонггенам;1
извращенских;1
симиларити;1
тресхолд;1
перерефакторинг;1
переиспользует;1
потокобезопасно;1
стратеджи;1
небинарный;1
опен-пуша;1
рестила;1
чип-дампа;1
консумер;1
пуше;1
гто-модели;1
тред-пул;1
питоновский;1
форк-джоин;1
релоадинг;1
бота-владельца;1
ботов-сокомандников;1
бота-сокомандника;1
форматирований;1
профиль-группы;1
селфлпея;1
заморочиться;1
существеннен;1
холдем-реализации;1
чатятся;1
предрасчитанному;1
топ-весовках;1
симкопий;1
реверсировать;1
вейтсы;1
натсовую;1
имплаедов;1
блокер-бонусы;1
топ-распределения;1
предрасчитанную;1
вассильвитским;1
тимплейная;1
весоквки;1
пофолдили;1
эксп;1
туду;1
харкод;1
порефакторил;1
донкбетов;1
чек-рейзы;1
сайзом;1
пожеще;1
лонг-гена;1
абузов;1
абузингом;1
с-профили;1
залимпили;1
оффлайн-инструменте;1
сит-ауте;1
чек-бете;1
раре-паттерну;1
опенах;1
кэшера;1
перевзвесе;1
оффлайн-режима;1
аллин-игроков;1
офсет-профайл;1
префлопных;1
убиванию;1
патике;1
старсе;1
дескрипшнов;1
донк-бетам;1
пропагэйты;1
ненаполнен;1
раре-паттерна;1
лонггенами;1
протектед;1
патчере;1
глючный;1
глушаки;1
чит;1
пропихиванию;1
стков;1
префолдов;1
глушака;1
коллить;1
опен-пуши;1
несимуляционным;1
двухпроходным;1
непатченного;1
коллюдам;1
оппоненту-тимплееру;1
конфирму;1
суперсильной;1
тайлера;1
лимпится;1
токо;1
гетмикседфкар;1
квалити;1
гейлесенки;1
комьюнити;1
тимплейным;1
префлоп-ситаут;1
параметризированная;1
оверпары;1
топ-пару;1
доблефовываем;1
випа;1
оппонентов-роботов;1
а-профиль;1
хиро;1
замериться;1
регрессоров;1
регрессоры;1
оверлимпа;1
опенфолд;1
подкатегорию;1
тайтовое;1
префлопные;1
антиабузерских;1
страддл-анте;1
оллинщиков;1
сайзингам;1
бомб-столов;1
кэфа;1
ренжей;1
насыпанием;1
олинщиком;1
патчингом;1
страдл-анте;1
опенлимпе;1
еррлог;1
юсера;1
бизнесовой;1
хардкодятся;1
постфлоп-группа;1
постфлоп-групп;1
факто;1
нейросетевых;1
заглушечные;1
непросчитыванием;1
слоуплее;1
ренжа;1
чатингка;1
чиплидерском;1
трибета;1
ь;1
лимп-поте;1
воспроизводимости;1
предфинальный;1
итм;1
финалкой;1
фпд;1
тестились;1
непроставленном;1
нодами;1
снг-робот;1
нэшу;1
вжухххх;1
залимпились;1
симпла;1
нереги;1
узел-заглушку;1
бродвейный;1
альтроном;1
переотправить;1
отправщик;1
домножить;1
сенсея;1
проксироваться;1
наш-не;1
фичь;1
автоформатирования;1
непосчитанные;1
шедулер;1
профайл-аналайзерах;1
ботлогпроцессором;1
цсв;1
ботлогпроцессоре;1
проливке;1
профайлером;1
перепаковщика;1
райтер;1
детекцию;1
байду;1
бабло;1
сейвер;1
кпд;1
минимальную-максимальную;1
предраспаковку;1
перепаковываются;1
реда;1
майнером;1
дампят;1
игнорит;1
тэгах;1
оппонентов-регуляров;1
рефакторнул;1
невалидные;1
нск;1
ноябрь-декабрь;1
дампились;1
сентябрь-октябрь;1
фикшенным;1
даунлоадер;1
спнл;1
проициализировать;1
дампит;1
флашилось;1
флашить;1
флашинг;1
анализера;1
поотлаживать;1
класс-монитор;1
логирует;1
хэш-функции;1
гуид;1
коннекшн;1
сдамплены;1
дедлока;1
юзвера;1
сдампился;1
стримов;1
косинусной;1
трехмерного;1
мью;1
спамило;1
спамить;1
рефакторить;1
анбалансед;1
резетаем;1
группировочные;1
отаи;1
пирсон;1
препатча;1
постпатча;1
пропатченную;1
сд;1
запараметризовать;1
параметризируемым;1
интерфейс-метка;1
пот-лимитной;1
раш-играми;1
снгшки;1
одностоловых;1
тенге;1
микробиткоин;1
криптовалютный;1
мерж-группой;1
мерж-группу;1
переимпорт;1
мокряк;1
субпартнер;1
мобилке;1
инвест-проект;1
сибом;1
нпл;1
меинт;1
сиб;1
ппп-мтт;1
кликер;1
нетхелпер;1
десериализовывались;1
свежеизобретенных;1
интерконнектом;1
рантайм;1
отнаследовать;1
автотестовых;1
общеигровую;1
кэш-игре;1
рэйзы;1
опплогами;1
рестрадл;1
постить;1
ремаппинг;1
событий-блайндов;1
бомб-раздачей;1
коллируют;1
ие;1
докупке;1
карты-ауты;1
развлекалки;1
градироваться;1
хэндам;1
класс-счетчик;1
кэшере;1
роял-флеш;1
комбинаций-стритов;1
досок-рук;1
стритовая;1
преобразующий;1
моделируются;1
лоу-рейтингов;1
руки-стола;1
продетектирован;1
форматингом;1
инкрементально;1
вц;1
тред-дампы;1
аддонах;1
ребаях;1
врайтере;1
холдем-омаха;1
нефлешовых;1
непредсказуем;1
омаха-рук;1
флешовый;1
ничё;1
рейкообложения;1
игроков-победителей;1
числов;1
лузеров;1
заранее-сформированное;1
неответа;1
логирующий;1
регулярками;1
рантайме;1
проксирует;1
инстансах;1
топиков;1
ххх;1
кастить;1
прокси-классом;1
подвисшим;1
год-час;1
дозаписи;1
воркеров;1
воркере;1
воркера;1
воркер;1
клиентов-ответчиков;1
клиентов-заказчиков;1
протухания;1
клиент-серверного;1
пп;1
сингл-сервером;1
солвером;1
префлоп-паки;1
солвера;1
солверу;1
солвер;1
деплоя;1
винде;1
сервер-коннектор;1
фейловинги;1
пингуем;1
сервак;1
серваку;1
отфильтровывание;1
перерасчитывать;1
фейл;1
шатдаунится;1
файлов-результатов;1
непусты;1
реинициализируется;1
максимально-допустимого;1
тёрна-ривера;1
слепливает;1
невозрастающий;1
заколлить;1
фолдился;1
какое-нить;1
тредлокал;1
бетлевлов;1
арифм;1
тическому;1
валидирует;1
рейбэку;1
многопоточно;1
однопоточный;1
рандомную;1
карта-информация;1
райс;1
имплементирует;1
потокобезопасной;1
мейнпот;1
бетлевелом;1
бетлевела;1
рейкбек;1
рейкбека;1
дефолтно;1
непересекаемость;1
постфлопная;1
постфлопной;1
итерировании;1
аналайзеру;1
пограничность;1
граничности;1
сортируются;1
лога-сессии;1
файлу-логу;1
файле-логе;1
писи;1
каннера;1
максимизированные;1
максимизированное;1
валерон;1
подкластер;1
эксепшеном;1
домножать;1
максимизировать;1
коллировании;1
зануляющая;1
дауна;1
инкрементирование;1
чекни;1
индентичным;1
бота-оппонента;1
рейкбеков;1
обнулиться;1
рейзится;1
подкластера;1
дял;1
зануляет;1
объект-диапазон;1
покертрекере;1
сортируется;1
риверами;1
постфлоп-вариант;1
префлоп-вариант;1
префлоп-варианта;1
бэк;1
фул;1
туз-король;1
енам;1
двустороннее;1
по-возрастанию;1
флешовости;1
пятикарточную;1
хед;1
используемость;1
оттестено;1
ф;1
префлоп-кэши;1
ривер-кэши;1
отсортированность;1
хэнд-адаптер;1
шаринга;1
датааксессор;1
рук-представителей;1
веб-сервере;1
веб-сервера;1
апача;1
библы;1
конвертер-сейверы;1
дораздать;1
сэмплировать;1
отсэмплированные;1
сэмплом;1
предрасчитать;1
включения-исключения;1
враппер;1
могт;1
отсэмплированным;1
сэмп;1
воспроизводимость;1
коинфлипе;1
сэмулирован;1
бомб-раздача;1
бб-дилера;1
ин-ов;1
постфлопных;1
проплачивая;1
автоалынщиками;1
страддл-постеры;1
страддл-постеров;1
бомб-раздачами;1
ггнетворк;1
бомб-раздачах;1
недострадлы;1
автооллинбб;1
быкуем;1
фулпот;1
пасифик;1
патигейминг;1
банкролле;1
автоолынером;1
блайнд-олыне;1
пожет;1
жмакнув;1
многостоловых;1
одностоловый;1
проплаченный;1
предпредпоследним;1
фолдится;1
фейлится;1
постгейм;1
постход;1
недосланные;1
ббд;1
рамез;1
бомб-столах;1
олынами;1
бет-рейзить;1
верхнетреугольная;1
оупенрейзе;1
оупена;1
оупенрейзить;1
раша;1
руе;1
префлопная;1
двустороннего;1
бет-пушей;1
маньячить;1
бетта;1
закэшированная;1
двумерность;1
сэмплинга;1
раздавателей;1
бомб-раздачи;1
чекал;1
коэф-ты;1
немутабельный;1
блайны;1
вэй;1
симуляционно;1
тотал-пот;1
сетапе;1
маклаудом;1
бет-олл;1
рекалк;1
холдему;1
баин;1
дабл-белли;1
натсовая;1
лоу-величин;1
флашевости;1
неисключенной;1
деноминаторе;1
префлоп-таблице;1
стритового;1
строку-паттерн;1
строке-паттерне;1
строка-паттерн;1
стритах;1
офигенные;1
перегенерировать;1
стритовой;1
соц;1
пот-левелов;1
десериализованную;1
заигнорил;1
полуручном;1
филлинга;1
неолыном;1
полупридуманная;1
состо-е;1
колят;1
префлоп-рейза;1
страддлера;1
перехватиться;1
двухмерного;1
алынах;1
сэмплированная;1
сэмплируется;1
сэмплами;1
мастевая;1
псевдо-таблица;1
иерна;1
винов;1
задампили;1
шной;1
визуалайзера;1
перекластеризация;1
функций-проверок;1
слайсах;1
обертка-переходник;1
сериализируемых;1
десериализироваться;1
агрумента;1
бс;1
сторадже;1
валидацией;1
топиком;1
бизнес-функция;1
кэш-сессиями;1
бизнес-логику;1
эвенте;1
батче;1
партиций;1
трай-кетч;1
линкователь;1
аккаунт-сессии;1
столосесиий;1
рум-стола;1
рум-стол;1
тве;1
бинам;1
апи;1
линкуемых;1
слинкованные;1
прилинковать;1
слинковываться;1
трн-сессии;1
эвенту;1
эвентах;1
раскодированная;1
раскодирована;1
нейронке;1
нейронки;1
раскомментирование;1
мутабельности;1
бэкапное;1
линкованного;1
актуализироваться;1
поля-объекты;1
гв;1
пот-лимиту;1
зипуем;1
хэш-значение;1
забанен;1
забаненных;1
дых;1
бото-лимитами;1
бото-лимитов;1
ноду;1
такой-же;1
замуты;1
завтык;1
однопоточная;1
смарт;1
дефолтности;1
варнинги;1
логгеру;1
тестируемость;1
ключ-значения;1
ключей-значений;1
логгеров;1
бэкэнды;1
бэкэнда;1
мержингом;1
стыбрено;1
анонимизации;1
анонимизируются;1
юнитов;1
анонимизированы;1
анонимизированный;1
дж;1
уи;1
эз;1
эв;1
ул;1
эб;1
кэр;1
крю;1
крэ;1
лейве;1
готи;1
герге;1
геро;1
хрот;1
реде;1
фредо;1
фроде;1
гвино;1
фини;1
борге;1
онге;1
онго;1
тиро;1
гизе;1
ноти;1
гуни;1
гуне;1
хельми;1
ильми;1
гасти;1
гасто;1
ильфе;1
альфи;1
ильфо;1
вальде;1
тэ;1
мэ;1
цо;1
цу;1
сэ;1
ек;1
ег;1
еш;1
иш;1
уш;1
юш;1
ез;1
еф;1
юв;1
уп;1
сул;1
ед;1
юд;1
иж;1
ож;1
иб;1
укр;1
екр;1
морр;1
слаг;1
нн;1
терд;1
верд;1
тард;1
вард;1
ворд;1
торд;1
гуна;1
ольфа;1
ульфо;1
хельма;1
озо;1
одо;1
унна;1
иген;1
оген;1
уинд;1
дорр;1
берто;1
вальда;1
вальдр;1
гинда;1
реко;1
ен;1
ени;1
хильда;1
чук;1
ец;1
айло;1
хно;1
ика;1
юх;1
ач;1
швили;1
дзе;1
оглу;1
дообогащает;1
обфусцированный;1
переподключения;1
дисконнекте;1
ссл;1
натсу;1
ссл-контекста;1
секьюрного;1
джарка;1
лоадеру;1
лоадеров;1
лоадером;1
синглтонами;1
логированием;1
мультипоточно;1
лоадеры;1
подвисаний;1
лоадере;1
класслоадером;1
сервис-провайдеров;1
аппаратно-зависимый;1
декомпиляции;1
чение;1
двусторонняя;1
стандартизируются;1
мультипоточное;1
сплайнового;1
двухслойные;1
функция-нормализатор;1
четырехслойные;1
хавается;1
съестся;1
р-дерева;1
нейросетками;1
отрисовки;1
версионированием;1
замиксуем;1
бенчмарков;1
предикт;1
отрисовать;1
насыпания;1
рук-центроид;1
валидным;1
учётка;1
клауда;1
флеше;1
флешовую;1
оверкарту;1
трейс;1
по-нормальному;1
имплементациям;1
идшники;1
столбец-ключей;1
ключ-столбец;1
строка-ключи;1
селф-плэях;1
оффлайн-приложение;1
селф-плэи;1
селф-плеев;1
селф-плей;1
хэнд-хистори;1
колбэки;1
класс-контейнер;1
несломанную;1
несломанная;1
пятикарточном;1
кальков;1
треда;1
трудозатратами;1
ахтунг;1
боткоду;1
тудуха;1
разноранговые;1
невалидным;1
класс-детектор;1
класс-оценщик;1
структурки;1
строки-сообщения;1
строки-формата;1
класс-хранилка;1
оффсьютед;1
ивент;1
геймовером;1
максимизируем;1
трехкарточным;1
несовпавшую;1
ядр;1
надор;1
безджокерным;1
трёхкарточной;1
трёхкарточная;1
патчатся;1
чаттинге;1
симуляционный;1
ответ-декомпозицию;1
фьючера;1
непоходивших;1
топ-раскладок;1
класс-инструмент;1
эквилятора;1
стэки;1
двукратным;1
лонге;1
тестовость;1
лими;1
кеп;1
трехбуквенный;1
турнира-номер;1
раздачи-номер;1
двухбуквенных;1
шорткоды;1
шорткода;1
селфпейный;1
хэнды;1
неуникальности;1
анпарсед;1
хедз-апе;1
хэш-мап;1
прогружать;1
коллектед;1
регуляркам;1
ключами-паттернами;1
значениями-обработчиками;1
евровых;1
тредлокалом;1
нх;1
задничку;1
префлоп-строка;1
пацифики;1
банкроллом;1
покербет;1
докупился;1
прошлётся;1
замапить;1
стриму;1
унаследоваться;1
кастомизации;1
майнинге;1
инщиков;1
хендшоунах;1
финреза;1
винерам;1
джекпот-рейком;1
идн;1
раздачи-единица;1
айпокерных;1
модом;1
фан;1
критикал;1
непонятки;1
евклидовом;1
чисел-признаков;1
класс-коллекция;1
сквизом;1
класса-наследника;1
зарегать;1
мерджит;1
зануляемые;1
трудозатрат;1
двухпроходный;1
пайплайна;1
регрессором;1
постгреса;1
катоф;1
значением-потомком;1
древовидности;1
предаллином;1
универсализированная;1
лим;1
тред-дампов;1
статик-поля;1
экзекьютор;1
новоучтенным;1
лимпованный;1
нотактеде;1
рейженый-лимпованый;1
коллюдерстве;1
три-бета;1
кбеты;1
накопленности;1
разогнанности;1
клонируется;1
обнулением;1
подмержить;1
агрегируются;1
конт;1
воспринялся;1
мега-лузовых;1
хитровывернутой;1
левелах;1
префлоп-левелов;1
задействуется;1
енаме;1
сериализовываться;1
задолбало;1
неподключения;1
бай-ином;1
матчеру;1
мерджинге;1
ремерджинги;1
замерджить;1
матожиданиями;1
проклассифицировать;1
игроки-новички;1
чек-фолд;1
булевые;1
дженериков;1
инкамы;1
скоринга;1
задетекченные;1
детектит;1
флопе-ривере;1
костылище;1
присвоились;1
допокрыть;1
полузабывания;1
защить;1
измении;1
мерж-групп;1
мержатся;1
мерж;1
незаглушенными;1
человекопонятного;1
даунлоада;1
лвлов;1
мержгруппе;1
мержгруппа;1
саспендить;1
апдейтерами;1
инстансу;1
сериализован;1
генериться;1
профайлс-стораджа;1
апдейтить;1
предзагрузки;1
стораджи;1
левелы;1
десериализует;1
стрингов;1
имплементировать;1
фактори;1
циркл;1
стью;1
задекларироваться;1
смотирм;1
драфт;1
запользованных;1
обнуляшка;1
старте-конце;1
одномерная;1
трехмерная;1
перетусования;1
селф-плэя;1
пребабл;1
пребабла;1
хэнддилт;1
подшаманить;1
докупка;1
селйплея;1
тегирования;1
фейковых;1
запуститься;1
регэкспы;1
объект-запрос;1
эксплоита;1
симпл;1
миксуем;1
невалидных;1
клонироваться;1
типтона;1
блафкетча;1
лузово-агрессивным;1
оупен-рейзов;1
домножен;1
инкамом;1
минрейзов;1
ререйзе;1
сайзингу;1
колд-коллить;1
колд-коллы;1
опен-рейза;1
префлоп-позицией;1
нитовее;1
лузовее;1
чиплидерским;1
фолдинг-эквити;1
комплита;1
слоуплеев;1
контбетим;1
коллюдерских;1
тайтовые;1
покет-парах;1
блеф-пушей;1
эксплойт-бетов;1
контбеты;1
абьюзингом;1
оверфолдим;1
опенлимпить;1
пуш-фолда;1
лимпованного;1
тормознутости;1
овербета;1
суперюзер;1
крауд;1
побитово;1
константа-маска;1
ререйзим;1
оллинами;1
антиколлюдинга;1
слоуплеим;1
пингов;1
тайм-банка;1
тайм-банк;1
тестировщики;1
нейросетевую;1
рандомизированные;1
слоуплеил;1
массив-интервал;1
околонулевом;1
околонулевой;1
крутилку;1
векторизация;1
чиплидером;1
рейзпот;1
врагоботы;1
эксплоитить;1
лоигки;1
флаг-признак;1
треддампы;1
автотестированию;1
ников;1
номера-приставки;1
бк;1
замут;1
тэги;1
схлопываем;1
разжатие;1
класс-помощник;1
дабл;1
джавы;1
кратце;1
строка-табулятор;1
узлом-ветвления;1
пингом;1
биндить;1
многопоточку;1
бэкапим;1
скопировались;1
листенера;1
спуливает;1
стопаем;1
тюнить;1
бэкапов;1
аплоадер;1
конфе;1
бакет;1
рандомизированный;1
сериализуемое;1
закешированное;1
кэхэна;1
аппендер;1
стим;1
универсализированный;1
универсализировать;1
логировать;1
заббикс-мониторингом;1
двумерному;1
копипастой;1
е-кластера;1
префлоп-действия;1
ченж;1
быстростарта;1
насимулировал;1

